mx1,lam1,lam2,xs,xs_err
1.0,0.03,0.04,0.0032035665182863,9.030714234709936e-06
1.0,0.03,0.06,0.0043561366325105,1.2527719018209032e-05
1.0,0.03,0.08,0.0049278179614906,1.4213007842105064e-05
1.0,0.03,0.1,0.0050977136597887,1.4829490342328876e-05
1.0,0.03,0.15,0.0049945038498764,1.4870827351328737e-05
1.0,0.03,0.2,0.0049090470661888,1.4746014322552398e-05
1.0,0.03,0.3,0.0047953146230159,1.4536422645578794e-05
1.0,0.03,0.4,0.0047406875712432,1.443525606051779e-05
1.0,0.03,0.5,0.0047255365082777,1.442143044522547e-05
1.0,0.03,0.6,0.0047083188100349,1.441720679260028e-05
1.0,0.03,0.7,0.0047828614322972,1.4518088526908029e-05
1.0,0.03,0.8,0.0048193683287452,1.4629077060522753e-05
1.0,0.03,0.9,0.0048394165930976,1.4687484866494772e-05
1.0,0.03,1.0,0.0047735012040105,1.4616332805961226e-05
1.0,0.03,2.0,0.0051559522202361,1.2242657918219186e-05
1.0,0.05,0.04,0.0027919053425583,8.092436268526594e-06
1.0,0.05,0.06,0.0051431588629472,1.489633570922914e-05
1.0,0.05,0.08,0.0070870768960277,2.074612368680204e-05
1.0,0.05,0.1,0.0085884037565526,2.5304349298653617e-05
1.0,0.05,0.15,0.010885846279416,3.234746050541127e-05
1.0,0.05,0.2,0.0115693192238252,3.501806707788267e-05
1.0,0.05,0.3,0.0122821002480047,3.742227924073309e-05
1.0,0.05,0.4,0.0125933845293626,3.844640169241705e-05
1.0,0.05,0.5,0.0128525579211311,3.911968886944424e-05
1.0,0.05,0.6,0.0128024385159922,3.923552758779933e-05
1.0,0.05,0.7,0.013044088871192,3.971165279972044e-05
1.0,0.05,0.8,0.0131568483810818,4.009064276552035e-05
1.0,0.05,0.9,0.0132722590163909,4.035203015695154e-05
1.0,0.05,1.0,0.0131320317484373,4.025724377301923e-05
1.0,0.05,2.0,0.0143204859433906,3.398622992143716e-05
1.0,0.07,0.04,0.0024952375924987,7.3746073516471744e-06
1.0,0.07,0.06,0.0050370321391313,1.491333159851898e-05
1.0,0.07,0.08,0.0078332569642551,7.347025256124047e-06
1.0,0.07,0.1,0.0105373884420143,9.887007848392862e-06
1.0,0.07,0.15,0.0158039675811265,1.4916257030066396e-05
1.0,0.07,0.2,0.0190103834999685,1.80703465344972e-05
1.0,0.07,0.3,0.0223847081409826,2.133683272883344e-05
1.0,0.07,0.4,0.0237343473866546,2.27253351310156e-05
1.0,0.07,0.5,0.0245113672061564,2.3473526288056772e-05
1.0,0.07,0.6,0.0245382378248371,2.3740092535744027e-05
1.0,0.07,0.7,0.0253132328856021,2.427351355582526e-05
1.0,0.07,0.8,0.0253510172014445,2.4410509308258448e-05
1.0,0.07,0.9,0.0256170051593326,2.46644544630476e-05
1.0,0.07,1.0,0.0253727726111519,2.4656724072840076e-05
1.0,0.07,2.0,0.0279064598408381,5.418236146332915e-05
1.0,0.08,0.04,0.0024330389064162,7.207671348022884e-06
1.0,0.08,0.06,0.0049997604746866,1.489865910504055e-05
1.0,0.08,0.08,0.00802555566,5.84872879e-05
1.0,0.08,0.1,0.0111346072,8.11298287e-05
1.0,0.08,0.15,0.0178404830505495,2.381766237530104e-05
1.0,0.08,0.2,0.0224147376502324,3.0105630805234796e-05
1.0,0.08,0.3,0.0274104250536784,3.7100648721134415e-05
1.0,0.08,0.4,0.0299139670484402,4.055667721032802e-05
1.0,0.08,0.5,0.0310765248,0.00023154714
1.0,0.08,0.6,0.0315511409971894,4.315003521515033e-05
1.0,0.08,0.7,0.0323533524956032,4.411992787914217e-05
1.0,0.08,0.8,0.0322850633560863,4.4312150646488345e-05
1.0,0.08,0.9,0.0331774355421419,4.521067403495951e-05
1.0,0.08,1.0,0.0329521658,0.000247956969
1.0,0.08,2.0,0.036570931768899,7.085544339411176e-05
1.0,0.1,0.04,0.002303860464996,6.919337487290351e-06
1.0,0.1,0.06,0.0049181409839269,1.4758170862777631e-05
1.0,0.1,0.08,0.00825405408,6.03257581e-05
1.0,0.1,0.1,0.0116878088,8.61777215e-05
1.0,0.1,0.15,0.0208045794603284,2.7923514064116047e-05
1.0,0.1,0.2,0.028217833984877,3.802204223922973e-05
1.0,0.1,0.3,0.0382977761982773,5.1577830320594274e-05
1.0,0.1,0.4,0.0432168344101068,5.859171642065464e-05
1.0,0.1,0.5,0.046459146,0.000344681252
1.0,0.1,0.6,0.0472459115593513,6.47840420867218e-05
1.0,0.1,0.7,0.04842849958177,6.653603912543065e-05
1.0,0.1,0.8,0.0496351134441441,6.798106174870119e-05
1.0,0.1,0.9,0.0511848109580042,6.962142174583139e-05
1.0,0.1,1.0,0.0509989519,0.000382996351
1.0,0.1,2.0,0.0569321422442869,0.0001102938272774
1.0,0.15,0.04,0.0021916085063738,6.622436295335792e-06
1.0,0.15,0.06,0.0048143362185372,1.454988637615999e-05
1.0,0.15,0.08,0.0083631188370065,1.1259058084093857e-05
1.0,0.15,0.1,0.0125678387331204,1.6932947335100827e-05
1.0,0.15,0.15,0.0248200202500041,3.356831703859402e-05
1.0,0.15,0.2,0.038223111758035,5.153464700936803e-05
1.0,0.15,0.3,0.0612982076019643,8.291909416809727e-05
1.0,0.15,0.4,0.0776200333280758,0.000105228976489
1.0,0.15,0.5,0.0888528456021337,0.0001205206794936
1.0,0.15,0.6,0.0957827290605861,0.0001304479804094
1.0,0.15,0.7,0.1014987322505533,0.0001381075561048
1.0,0.15,0.8,0.1041313985547525,0.0001426459768192
1.0,0.15,0.9,0.107520157250098,0.0001471684696582
1.0,0.15,1.0,0.1106282499680507,0.0001511270394571
1.0,0.15,2.0,0.1258810000725616,0.0002444951296003
1.0,0.2,0.04,0.0021165567974834,6.462567458765524e-06
1.0,0.2,0.06,0.0047401746026364,1.4448936780234731e-05
1.0,0.2,0.08,0.0083790449922075,1.1344351497005147e-05
1.0,0.2,0.1,0.0128297408164871,1.7351077465791564e-05
1.0,0.2,0.15,0.0267843149603343,3.627998029689165e-05
1.0,0.2,0.2,0.0432245354382229,5.860228686049831e-05
1.0,0.2,0.3,0.0774102523924716,0.0001050801241286
1.0,0.2,0.4,0.106898364457993,0.0001453606418908
1.0,0.2,0.5,0.1308727630372814,0.0001774730888876
1.0,0.2,0.6,0.1483518642388514,0.0002015721978305
1.0,0.2,0.7,0.1586859434222024,0.0002175914364553
1.0,0.2,0.8,0.1694295202415165,0.0002319022749484
1.0,0.2,0.9,0.177371366185558,0.0002427876642025
1.0,0.2,1.0,0.1824756113710781,0.0002508007882428
1.0,0.2,2.0,0.2211805708343534,0.0004288079664917
1.0,0.3,0.04,0.0021085597290842,6.442172596206015e-06
1.0,0.3,0.06,0.0047393860061451,1.4452236840838975e-05
1.0,0.3,0.08,0.0082850615243085,1.1347621071670978e-05
1.0,0.3,0.1,0.0129909180988352,1.7657981484865377e-05
1.0,0.3,0.15,0.0279636094613037,3.825421751574265e-05
1.0,0.3,0.2,0.047186827518409,6.47649336477962e-05
1.0,0.3,0.3,0.095862301917091,0.0001305509707153
1.0,0.3,0.4,0.1475805867100498,0.0002010515579355
1.0,0.3,0.5,0.1981688423565522,0.0002689735892456
1.0,0.3,0.6,0.2379588935375289,0.0003254937318025
1.0,0.3,0.7,0.2786965192339987,0.0003790789301596
1.0,0.3,0.8,0.3050130441750998,0.0004184830903788
1.0,0.3,0.9,0.3320294442399955,0.0004549769853823
1.0,0.3,1.0,0.3521643868197836,0.0004840814820892
1.0,0.3,2.0,0.4752869293360728,0.0009221243850903
1.0,0.4,0.04,0.0021117573751345,6.4653984788496864e-06
1.0,0.4,0.06,0.0047352914899972,1.45022904054516e-05
1.0,0.4,0.08,0.0084617711746641,1.1510480217669588e-05
1.0,0.4,0.1,0.0130011940496469,1.7794973281205168e-05
1.0,0.4,0.15,0.0285579085239954,3.917529422691061e-05
1.0,0.4,0.2,0.0495442510154364,6.79216926112229e-05
1.0,0.4,0.3,0.1039621644780611,0.0001425480343397
1.0,0.4,0.4,0.1691303965935375,0.0002317029350994
1.0,0.4,0.5,0.2416705817439544,0.0003284908055754
1.0,0.4,0.6,0.3045778832680861,0.0003927332815387
1.0,0.4,0.7,0.3696848575770042,0.0004387455994058
1.0,0.4,0.8,0.4283179386662517,0.0005081084508998
1.0,0.4,0.9,0.4763349945491875,0.0005678928155797
1.0,0.4,1.0,0.5288547047572723,0.0006267159671668
1.0,0.4,2.0,0.7976771976838887,0.0015458847866246
1.0,0.5,0.04,0.0021161842766859,6.490085619969041e-06
1.0,0.5,0.06,0.0048550991826327,1.4752305534164487e-05
1.0,0.5,0.08,0.00826710578,6.26799722e-05
1.0,0.5,0.1,0.0130382085,9.82429185e-05
1.0,0.5,0.15,0.0290988251207449,3.459884472671064e-05
1.0,0.5,0.2,0.0509065047715514,6.052254949315337e-05
1.0,0.5,0.3,0.1105018411228635,0.0001307913685695
1.0,0.5,0.4,0.1830535983645816,0.0002175543320072
1.0,0.5,0.5,0.268251142,0.0020094987
1.0,0.5,0.6,0.3514350181651496,0.0004188830160254
1.0,0.5,0.7,0.4402508501323155,0.0005240633603858
1.0,0.5,0.8,0.5210380532560905,0.0006219228654386
1.0,0.5,0.9,0.6000758986307116,0.0007165713100374
1.0,0.5,1.0,0.6838925,0.0051343628
1.0,0.5,2.0,1.1606710770311546,0.0022511505258202
1.0,0.6,0.04,0.0021492940284246,6.582920584683023e-06
1.0,0.6,0.06,0.0047857942924595,1.472699819165745e-05
1.0,0.6,0.08,0.008489871271303,1.012196844002671e-05
1.0,0.6,0.1,0.0132370222169583,1.5583286324844944e-05
1.0,0.6,0.15,0.0296491653716409,3.526998738552752e-05
1.0,0.6,0.2,0.0521166619470519,6.121321958274551e-05
1.0,0.6,0.3,0.1136010267157368,0.0001350424088037
1.0,0.6,0.4,0.1925143029430484,0.0002322587441319
1.0,0.6,0.5,0.2847784374326751,0.0003318784299602
1.0,0.6,0.6,0.3896967948329534,0.0004574724650479
1.0,0.6,0.7,0.4975673469731189,0.0005910518997683
1.0,0.6,0.8,0.6051006504354198,0.0007195554975781
1.0,0.6,0.9,0.7128520930978193,0.0008468236134275
1.0,0.6,1.0,0.8227253651271109,0.0009742283784862
1.0,0.6,2.0,1.5456919944075609,0.0033518783481832
1.0,0.7,0.04,0.002189433325996,6.706261597388318e-06
1.0,0.7,0.06,0.0049142751916989,1.5097374763757458e-05
1.0,0.7,0.08,0.0086504362705347,1.0303665067961174e-05
1.0,0.7,0.1,0.0134786704324581,1.6061496635535404e-05
1.0,0.7,0.15,0.0303120566560601,3.60428431581272e-05
1.0,0.7,0.2,0.0532611936392968,6.342716874690233e-05
1.0,0.7,0.3,0.116850362097921,0.000139290685085
1.0,0.7,0.4,0.2007540091095674,0.0002395795272032
1.0,0.7,0.5,0.30290186096638,0.0003606663503684
1.0,0.7,0.6,0.4149332605205908,0.0004954523424769
1.0,0.7,0.7,0.5407667447090032,0.0006440320854592
1.0,0.7,0.8,0.6711340255075036,0.0007980164232382
1.0,0.7,0.9,0.7932946738227914,0.0009488516275009
1.0,0.7,1.0,0.9266407407001104,0.0011061047916374
1.0,0.7,2.0,1.9189157947502335,0.0037304100870665
1.0,0.8,0.04,0.0022389018938187,6.851299630837436e-06
1.0,0.8,0.06,0.0050431721076438,1.5418294902002768e-05
1.0,0.8,0.08,0.0088307439173037,1.0520288047320406e-05
1.0,0.8,0.1,0.0136904689737218,1.6364589545066683e-05
1.0,0.8,0.15,0.0306689739530901,3.6662826152450245e-05
1.0,0.8,0.2,0.0545453270297245,6.498922498544778e-05
1.0,0.8,0.3,0.1216643231303992,0.0001445097722275
1.0,0.8,0.4,0.2099259426711441,0.000250121682193
1.0,0.8,0.5,0.3187346113312488,0.0003793115510906
1.0,0.8,0.6,0.4400668495545039,0.0005257752525519
1.0,0.8,0.7,0.5791047415469995,0.0006891957340987
1.0,0.8,0.8,0.727594921215142,0.0008634101928472
1.0,0.8,0.9,0.8749453529754707,0.0010390051087495
1.0,0.8,1.0,1.0234375758987917,0.0012168344052929
1.0,0.8,2.0,2.294523538226838,0.004460004936438
1.0,0.9,0.04,0.0022471710198032,6.92712269394486e-06
1.0,0.9,0.06,0.0050888616250242,1.5620286450845743e-05
1.0,0.9,0.08,0.0091178139953587,1.0799267660899698e-05
1.0,0.9,0.1,0.0141959833761135,1.6833899782405413e-05
1.0,0.9,0.15,0.0317665551891467,3.770893768124589e-05
1.0,0.9,0.2,0.0562155857399979,6.667283559774547e-05
1.0,0.9,0.3,0.1248894878120108,0.0001481266881553
1.0,0.9,0.4,0.2170201673899232,0.0002577336843199
1.0,0.9,0.5,0.3317090704862903,0.0003935035218897
1.0,0.9,0.6,0.4624053559798033,0.0005486076012332
1.0,0.9,0.7,0.6077850275681694,0.0007217199499986
1.0,0.9,0.8,0.7649510278095853,0.0009086714717569
1.0,0.9,0.9,0.9305294731184356,0.0011047199474204
1.0,0.9,1.0,1.0927924515066163,0.0013016093301634
1.0,0.9,2.0,2.638589520093141,0.0051342153413483
1.0,1.0,0.04,0.0022827254125629,7.009554631163565e-06
1.0,1.0,0.06,0.0051807611986893,1.5844530002373606e-05
1.0,1.0,0.08,0.00913873794,6.87317459e-05
1.0,1.0,0.1,0.01423929,0.000107186623
1.0,1.0,0.15,0.0321616084793348,3.8147805908126846e-05
1.0,1.0,0.2,0.0568785635512168,6.75344826278549e-05
1.0,1.0,0.3,0.126217601182243,0.0001499347858031
1.0,1.0,0.4,0.2214618752788328,0.000262794679492
1.0,1.0,0.5,0.340552219,0.00254996948
1.0,1.0,0.6,0.4758597239909094,0.0005650864434611
1.0,1.0,0.7,0.6298475294335039,0.0007477859089241
1.0,1.0,0.8,0.7925580281046792,0.0009434883793077
1.0,1.0,0.9,0.9696820081259068,0.0011544930482358
1.0,1.0,1.0,1.15928963,0.0087135083
1.0,1.0,2.0,2.969614302270022,0.0057808202333922
1.0,2.0,0.04,0.002462260514233,5.920543073194333e-06
1.0,2.0,0.06,0.0055233265499363,1.3295237358168524e-05
1.0,2.0,0.08,0.0098143043408609,1.929071857217596e-05
1.0,2.0,0.1,0.0153488601410432,3.374369634362435e-05
1.0,2.0,0.15,0.0346234063224549,6.792775950461269e-05
1.0,2.0,0.2,0.0615738762175615,0.0001206990766349
1.0,2.0,0.3,0.1375589666884448,0.0002702228252857
1.0,2.0,0.4,0.2433719633947739,0.0004783598225334
1.0,2.0,0.5,0.3782158961362073,0.0007430068367195
1.0,2.0,0.6,0.5434369763894097,0.0010664642239329
1.0,2.0,0.7,0.7312194655469669,0.001437815656123
1.0,2.0,0.8,0.9472282077876256,0.0018621063220851
1.0,2.0,0.9,1.1938628644314817,0.0023409774074307
1.0,2.0,1.0,1.4546232472596243,0.0028549941219056
1.0,2.0,2.0,4.927695918089514,0.010464188658977
1.5,0.03,0.04,0.0002848334867512,8.634805220549904e-07
1.5,0.03,0.06,0.0004391800316771,1.3316381411166905e-06
1.5,0.03,0.08,0.0005252430469353,1.6152986060380678e-06
1.5,0.03,0.1,0.0005714320214577,1.7786393994720156e-06
1.5,0.03,0.15,0.0006302715079394,1.983505425171119e-06
1.5,0.03,0.2,0.0006607296068867,2.073951729722456e-06
1.5,0.03,0.3,0.0006662541464361,2.1091997503609807e-06
1.5,0.03,0.4,0.0006929112362782,2.1664361779925434e-06
1.5,0.03,0.5,0.0006933377143723,2.1782022608727577e-06
1.5,0.03,0.6,0.0006978508585337,2.197182887697568e-06
1.5,0.03,0.7,0.000698593278583,2.203363109198218e-06
1.5,0.03,0.8,0.00069738060446,2.2125377154340884e-06
1.5,0.03,0.9,0.0007053198952317,2.234630965576416e-06
1.5,0.03,1.0,0.0007141644247939,2.259391701333765e-06
1.5,0.03,2.0,0.0008299667257352,2.0567372500657107e-06
1.5,0.05,0.04,0.0003060706816075,9.46755139558344e-07
1.5,0.05,0.06,0.0005768301730157,5.643740297351425e-07
1.5,0.05,0.08,0.0008364536254378,8.196397434009096e-07
1.5,0.05,0.1,0.0010503386851944,1.0327447326576331e-06
1.5,0.05,0.15,0.0014074091611837,1.3914182026547256e-06
1.5,0.05,0.2,0.0016009773991504,1.5850310300034754e-06
1.5,0.05,0.3,0.0017718810997466,1.758597344438496e-06
1.5,0.05,0.4,0.0018398745331614,1.829261482386832e-06
1.5,0.05,0.5,0.0018864019270079,1.8723185164550376e-06
1.5,0.05,0.6,0.001865751896595,1.8757507814625587e-06
1.5,0.05,0.7,0.0018978619938164,1.9028244275461575e-06
1.5,0.05,0.8,0.0019250262877824,1.926984489615925e-06
1.5,0.05,0.9,0.0019481584827291,1.9500817041542437e-06
1.5,0.05,1.0,0.001952173030704,1.9628271061766546e-06
1.5,0.05,2.0,0.00231731199342,5.023268472632072e-06
1.5,0.07,0.04,0.0003098618925167,9.650299268262762e-07
1.5,0.07,0.06,0.0006331193834358,6.227611068048348e-07
1.5,0.07,0.08,0.0009957263737495,9.805498240730791e-07
1.5,0.07,0.1,0.0013572728268234,1.3382879413324589e-06
1.5,0.07,0.15,0.0021096826127039,2.0857250412385853e-06
1.5,0.07,0.2,0.002621846083208,2.596447922017698e-06
1.5,0.07,0.3,0.0031636213790829,3.1400322228874536e-06
1.5,0.07,0.4,0.0033523910091572,3.3657160543938168e-06
1.5,0.07,0.5,0.0035461031445651,3.5285958078988588e-06
1.5,0.07,0.6,0.0035878131892369,3.5960307088440365e-06
1.5,0.07,0.7,0.0036443168994856,3.6567934042257695e-06
1.5,0.07,0.8,0.0036879888542796,3.7061349811954818e-06
1.5,0.07,0.9,0.003738931765016,3.758535955330204e-06
1.5,0.07,1.0,0.003826098253779,3.831036354759243e-06
1.5,0.07,2.0,0.0045150117603068,9.807910923873068e-06
1.5,0.08,0.04,0.0003088123854272,9.669543981214048e-07
1.5,0.08,0.06,0.0006470555765316,6.380416255940927e-07
1.5,0.08,0.08,0.0010435399322114,2.525050292686331e-06
1.5,0.08,0.1,0.0014568281361681,3.5288765831746684e-06
1.5,0.08,0.15,0.002400843782341,2.9091586407439744e-06
1.5,0.08,0.2,0.0030937050589701,3.7573811408861726e-06
1.5,0.08,0.3,0.0039152300485835,4.76129203608752e-06
1.5,0.08,0.4,0.0043004073706204,5.245803964127479e-06
1.5,0.08,0.5,0.00453472016,3.4924853e-05
1.5,0.08,0.6,0.004618459312308,5.670118447200931e-06
1.5,0.08,0.7,0.0046962144033454,5.777413153515275e-06
1.5,0.08,0.8,0.0048133830309452,5.903468619004263e-06
1.5,0.08,0.9,0.0048764797973118,5.98379844009851e-06
1.5,0.08,1.0,0.00494334818,3.84536285e-05
1.5,0.08,2.0,0.0058796068210155,1.1901242486561665e-05
1.5,0.1,0.04,0.000307121734602,9.65628932291297e-07
1.5,0.1,0.06,0.000666603032987,6.582202454110205e-07
1.5,0.1,0.08,0.00110474837,8.47502758e-06
1.5,0.1,0.1,0.00160156776,1.22802138e-05
1.5,0.1,0.15,0.0028623260490014,3.4731702062145168e-06
1.5,0.1,0.2,0.0039459448516412,4.797161543302281e-06
1.5,0.1,0.3,0.0054203457532755,6.600998268465608e-06
1.5,0.1,0.4,0.0062623961011715,7.619746796336105e-06
1.5,0.1,0.5,0.00673188719,5.18728367e-05
1.5,0.1,0.6,0.0069320357464674,8.519680732325207e-06
1.5,0.1,0.7,0.0071622349347808,8.797567083908214e-06
1.5,0.1,0.8,0.0073225463954888,9.002548326902464e-06
1.5,0.1,0.9,0.007494575361483,9.203069704138084e-06
1.5,0.1,1.0,0.00772620349,5.9692511e-05
1.5,0.1,2.0,0.0091770425874973,1.85562006625812e-05
1.5,0.15,0.04,0.0003000887672599,9.548173554608398e-07
1.5,0.15,0.06,0.0006794053212681,6.753273438594056e-07
1.5,0.15,0.08,0.0011790709968831,1.4320147355837586e-06
1.5,0.15,0.1,0.001772244153402,2.1539340616959405e-06
1.5,0.15,0.15,0.0035241830074205,4.293077573952289e-06
1.5,0.15,0.2,0.0054277329891022,6.604919588365809e-06
1.5,0.15,0.3,0.0086711011621262,1.0643181808732882e-05
1.5,0.15,0.4,0.0111121305628734,1.362535144792362e-05
1.5,0.15,0.5,0.0127281967102236,1.5643433206234403e-05
1.5,0.15,0.6,0.0138531182530959,1.703776484357253e-05
1.5,0.15,0.7,0.0146439471700769,1.8060293503501417e-05
1.5,0.15,0.8,0.0155149802093556,1.900027272564991e-05
1.5,0.15,0.9,0.0158677787452641,1.9552237172308616e-05
1.5,0.15,1.0,0.0164214730319075,2.0188760408493e-05
1.5,0.15,2.0,0.0204249349939365,4.13018698224456e-05
1.5,0.2,0.04,0.0003076784935496,9.697816007920935e-07
1.5,0.2,0.06,0.0006894771719782,6.851794030053246e-07
1.5,0.2,0.08,0.0012024278252422,1.4651676447153002e-06
1.5,0.2,0.1,0.0018399613658672,2.240463091295524e-06
1.5,0.2,0.15,0.0038554611875249,4.699282402004972e-06
1.5,0.2,0.2,0.0062699255389961,7.623779610266702e-06
1.5,0.2,0.3,0.0110944097305999,1.361573298492851e-05
1.5,0.2,0.4,0.015460202197748,1.895775353920947e-05
1.5,0.2,0.5,0.0188755351744275,2.3152995400654556e-05
1.5,0.2,0.6,0.021400075875824,2.6315291938861724e-05
1.5,0.2,0.7,0.0235743645178099,2.891053369326124e-05
1.5,0.2,0.8,0.0251585695282922,3.0870572518399856e-05
1.5,0.2,0.9,0.0264332801964264,3.249300724353788e-05
1.5,0.2,1.0,0.0272998658412167,3.3714139802662e-05
1.5,0.2,2.0,0.0357888382391746,7.23516209826633e-05
1.5,0.3,0.04,0.0003099391008142,9.779893069422714e-07
1.5,0.3,0.06,0.0006813953727784,6.861434367247739e-07
1.5,0.3,0.08,0.0012048060066013,1.48367596890713e-06
1.5,0.3,0.1,0.0018661350582762,2.297413020340117e-06
1.5,0.3,0.15,0.0040972980471492,5.026733699692121e-06
1.5,0.3,0.2,0.0069451995234476,8.52886343167141e-06
1.5,0.3,0.3,0.0138662195906627,1.704824299178482e-05
1.5,0.3,0.4,0.0213257505979058,2.626930772668823e-05
1.5,0.3,0.5,0.0284283044639754,3.508690085149767e-05
1.5,0.3,0.6,0.035438008156665,4.337695387765773e-05
1.5,0.3,0.7,0.0406153493542751,4.998102407154626e-05
1.5,0.3,0.8,0.0454656133397061,5.595475814676989e-05
1.5,0.3,0.9,0.049655305117583,6.113080605928691e-05
1.5,0.3,1.0,0.0527799078927948,6.53222078611056e-05
1.5,0.3,2.0,0.0771759475594411,0.0001561134131299
1.5,0.4,0.04,0.0003162227739868,9.96430506272875e-07
1.5,0.4,0.06,0.0006931621906859,6.971207600658219e-07
1.5,0.4,0.08,0.0012395102180641,1.5186836393130725e-06
1.5,0.4,0.1,0.0019293508788802,2.3626675815135327e-06
1.5,0.4,0.15,0.0042183888057589,5.188807794403243e-06
1.5,0.4,0.2,0.0073298356832202,9.00818858179411e-06
1.5,0.4,0.3,0.0154125372136856,1.8937381935982595e-05
1.5,0.4,0.4,0.0247551578275127,3.0621029218113806e-05
1.5,0.4,0.5,0.035318872899529,4.346299385708375e-05
1.5,0.4,0.6,0.0456342756360561,5.6052040787379006e-05
1.5,0.4,0.7,0.0547934365380123,6.77227517824306e-05
1.5,0.4,0.8,0.0634577655847384,7.855694102384923e-05
1.5,0.4,0.9,0.0726663030487009,8.929903635297726e-05
1.5,0.4,1.0,0.0803087627899921,9.626508382406448e-05
1.5,0.4,2.0,0.1305708191364617,0.0002633003613548
1.5,0.5,0.04,0.0003179619549598,1.0059222110725746e-06
1.5,0.5,0.06,0.0007130747986818,7.140740291899647e-07
1.5,0.5,0.08,0.00124880453,9.75033609e-06
1.5,0.5,0.1,0.00196727439,1.52667115e-05
1.5,0.5,0.15,0.0043456515196882,5.3499385117489404e-06
1.5,0.5,0.2,0.0076549249488759,9.396788160020982e-06
1.5,0.5,0.3,0.0164280100422486,2.018714771604137e-05
1.5,0.5,0.4,0.0273395594453089,3.373964131896338e-05
1.5,0.5,0.5,0.0399330034,0.000311511115
1.5,0.5,0.6,0.053417725289873,6.571718320066793e-05
1.5,0.5,0.7,0.0666192243313854,8.214490188297854e-05
1.5,0.5,0.8,0.0799590969289468,9.842971616357086e-05
1.5,0.5,0.9,0.0925814959627946,0.0001140368433136
1.5,0.5,1.0,0.104393286,0.000814702814
1.5,0.5,2.0,0.192520984302774,0.0003868827101158
1.5,0.6,0.04,0.0003212817357946,1.0247558637808803e-06
1.5,0.6,0.06,0.0007230314192211,7.290078500994604e-07
1.5,0.6,0.08,0.0012847286631793,1.5862264021123718e-06
1.5,0.6,0.1,0.0020206511438037,2.4827736252518023e-06
1.5,0.6,0.15,0.0044856152046648,5.5250634209962485e-06
1.5,0.6,0.2,0.0079136609501613,9.737256701771464e-06
1.5,0.6,0.3,0.0172262233337647,2.121314518459488e-05
1.5,0.6,0.4,0.0294486056034412,3.6227365432746926e-05
1.5,0.6,0.5,0.0435119071409852,5.369037509058593e-05
1.5,0.6,0.6,0.0592316622278887,7.31165102329183e-05
1.5,0.6,0.7,0.0760054740851042,9.370551520795204e-05
1.5,0.6,0.8,0.0930037301562653,0.0001148032039293
1.5,0.6,0.9,0.1099207284526055,0.0001356689265685
1.5,0.6,1.0,0.1260928285298927,0.0001561724177288
1.5,0.6,2.0,0.2554151031685227,0.0005159194202664
1.5,0.7,0.04,0.0003351045142198,1.0654962557210578e-06
1.5,0.7,0.06,0.0007503676240745,7.548089425296456e-07
1.5,0.7,0.08,0.00133120464077,1.641259815287911e-06
1.5,0.7,0.1,0.0020795022420042,2.563965988725362e-06
1.5,0.7,0.15,0.0046456445181241,5.728308014481674e-06
1.5,0.7,0.2,0.0081701205024726,1.0090285847035278e-05
1.5,0.7,0.3,0.0180334720612856,2.224859483473649e-05
1.5,0.7,0.4,0.031201099240273,3.8442867855118514e-05
1.5,0.7,0.5,0.0471357643810529,5.802028256028954e-05
1.5,0.7,0.6,0.0648443604681104,8.003867641946464e-05
1.5,0.7,0.7,0.0831439283705692,0.0001034262469517
1.5,0.7,0.8,0.1054423620514398,0.0001299847671333
1.5,0.7,0.9,0.1257961138040391,0.0001556419616639
1.5,0.7,1.0,0.1459898044451724,0.0001816492702392
1.5,0.7,2.0,0.3209364673523942,0.0006485374658916
1.5,0.8,0.04,0.00034460239494,1.102775762432897e-06
1.5,0.8,0.06,0.0007826091569792,7.877563866346088e-07
1.5,0.8,0.08,0.0013877069173034,1.713400919086673e-06
1.5,0.8,0.1,0.0021697151031101,2.675601375353029e-06
1.5,0.8,0.15,0.0048419195983057,5.981141594752811e-06
1.5,0.8,0.2,0.0085986881305287,1.0604288146359128e-05
1.5,0.8,0.3,0.0190461386848013,2.346376504259126e-05
1.5,0.8,0.4,0.0326439935790058,4.05752230029393e-05
1.5,0.8,0.5,0.0503446983124062,6.215033028172481e-05
1.5,0.8,0.6,0.0693132871635237,0.0001118582966895
1.5,0.8,0.7,0.0915000673153157,0.0001136342418321
1.5,0.8,0.8,0.1152285701826732,0.0001430009000117
1.5,0.8,0.9,0.1405431233350539,0.0001735326297184
1.5,0.8,1.0,0.164906725762299,0.0002037778949653
1.5,0.8,2.0,0.3853161390903316,0.0007796255714649
1.5,0.9,0.04,0.0003621123891773,1.1573490456917058e-06
1.5,0.9,0.06,0.0008009230104877,8.159984467676465e-07
1.5,0.9,0.08,0.001443792608078,1.788505202487246e-06
1.5,0.9,0.1,0.0022272777240984,2.774523192700225e-06
1.5,0.9,0.15,0.0050410114194451,6.249403832480818e-06
1.5,0.9,0.2,0.0088556097212645,1.1018801378874246e-05
1.5,0.9,0.3,0.0199188339510946,2.4626986089890384e-05
1.5,0.9,0.4,0.0347757218875857,4.409458108734884e-05
1.5,0.9,0.5,0.0529724917235556,6.559044123559503e-05
1.5,0.9,0.6,0.0742702425326211,9.183236260928769e-05
1.5,0.9,0.7,0.0978260183108449,0.0001195915493956
1.5,0.9,0.8,0.1236494852611074,0.0001491120662291
1.5,0.9,0.9,0.1505274161609748,0.0001909620704146
1.5,0.9,1.0,0.1774857200068113,0.0002201690414389
1.5,0.9,2.0,0.4526741893421742,0.0011637428159758
1.5,1.0,0.04,0.0003615236152952,1.1675708003343995e-06
1.5,1.0,0.06,0.0008341815872217,8.426192847951109e-07
1.5,1.0,0.08,0.00148872741,1.16200493e-05
1.5,1.0,0.1,0.00234587477,1.82234444e-05
1.5,1.0,0.15,0.0051912704288821,6.123818408343713e-06
1.5,1.0,0.2,0.0091755658202551,1.1368382491088597e-05
1.5,1.0,0.3,0.0205398241794925,2.5369949195585017e-05
1.5,1.0,0.4,0.035790146953485,4.429210695099308e-05
1.5,1.0,0.5,0.054732972,0.000429189116
1.5,1.0,0.6,0.0773292756548114,9.572784602429316e-05
1.5,1.0,0.7,0.1016360487867916,0.0001263126950999
1.5,1.0,0.8,0.1306339498124068,0.0001612589060745
1.5,1.0,0.9,0.1586681651680995,0.0001967865865834
1.5,1.0,1.0,0.192457524,0.0014981436
1.5,1.0,2.0,0.5103913793048422,0.0010330976120195
1.5,2.0,0.04,0.0004620746452416,1.1537557440760113e-06
1.5,2.0,0.06,0.0010386623192436,2.3696227113201234e-06
1.5,2.0,0.08,0.0018561772008274,4.225765437880934e-06
1.5,2.0,0.1,0.0028770714599357,5.8774053225373055e-06
1.5,2.0,0.15,0.0064570646822768,1.703905320032598e-05
1.5,2.0,0.2,0.0115582017254059,2.35507377971228e-05
1.5,2.0,0.3,0.0257035736757555,5.446414693691141e-05
1.5,2.0,0.4,0.0458953706942123,9.352418129645896e-05
1.5,2.0,0.5,0.0702474295768342,0.0001443185573963
1.5,2.0,0.6,0.1018365444876133,0.0002078345894465
1.5,2.0,0.7,0.1365453210876766,0.0002800693762809
1.5,2.0,0.8,0.1784069775973364,0.0003645730774077
1.5,2.0,0.9,0.2247589783034524,0.0004582892599354
1.5,2.0,1.0,0.2744741122898345,0.0006017158660372
1.5,2.0,2.0,0.9520850321658622,0.0020994857388672
2.0,0.03,0.04,4.917248509335957e-05,1.5544127613264413e-07
2.0,0.03,0.06,7.803345809003927e-05,2.478779300117039e-07
2.0,0.03,0.08,9.863000433670016e-05,3.132893153222561e-07
2.0,0.03,0.1,0.0001107213821416,3.538743912960242e-07
2.0,0.03,0.15,0.0001288833423337,4.115046402845752e-07
2.0,0.03,0.2,0.000133730995025,4.310659978466962e-07
2.0,0.03,0.3,0.0001406627770349,6.607754363367342e-07
2.0,0.03,0.4,0.0001420463097327,4.574895930568026e-07
2.0,0.03,0.5,0.000145097405474,5.320104561851955e-07
2.0,0.03,0.6,0.0001442996008759,4.6519191994235414e-07
2.0,0.03,0.7,0.0001447699543235,5.605991614108397e-07
2.0,0.03,0.8,0.0001494626088809,4.970139117301113e-07
2.0,0.03,0.9,0.0001489734482376,5.092282022379361e-07
2.0,0.03,1.0,0.0001509862450333,4.904562915755672e-07
2.0,0.03,2.0,0.0001966473335854,2.112229267612313e-06
2.0,0.05,0.04,5.826574929980448e-05,1.857903379740223e-07
2.0,0.05,0.06,0.0001097964061197,1.114825334324104e-07
2.0,0.05,0.08,0.00016046042519,1.634077411331865e-07
2.0,0.05,0.1,0.0002034613902862,2.077515160164514e-07
2.0,0.05,0.15,0.0002859833940215,2.890447517264186e-07
2.0,0.05,0.2,0.0003278908078945,3.31964851314788e-07
2.0,0.05,0.3,0.0003633596689035,3.704340897780927e-07
2.0,0.05,0.4,0.0003760217028482,3.852149464445853e-07
2.0,0.05,0.5,0.0003860358060521,3.949306478245726e-07
2.0,0.05,0.6,0.0003921240124447,4.0167718360418027e-07
2.0,0.05,0.7,0.0003948215540922,4.0632596112452636e-07
2.0,0.05,0.8,0.0004002139136141,4.123684842092301e-07
2.0,0.05,0.9,0.0004077974540587,4.198596643206963e-07
2.0,0.05,1.0,0.000418424319974,4.295187945553402e-07
2.0,0.05,2.0,0.0005541361022738,1.1508231272394183e-06
2.0,0.07,0.04,6.05036308903819e-05,1.944930234912041e-07
2.0,0.07,0.06,0.0001259120435223,1.2737651970525434e-07
2.0,0.07,0.08,0.0002000737399963,2.020148489114038e-07
2.0,0.07,0.1,0.0002723916939497,2.7576653441820485e-07
2.0,0.07,0.15,0.0004300925568023,4.356139689557841e-07
2.0,0.07,0.2,0.000537189826652,5.449300712461123e-07
2.0,0.07,0.3,0.0006458568325143,6.602116687257823e-07
2.0,0.07,0.4,0.0006972495418253,7.146473730812955e-07
2.0,0.07,0.5,0.0007288214479269,7.461413850359657e-07
2.0,0.07,0.6,0.0007453038939617,7.656412562078785e-07
2.0,0.07,0.7,0.0007612843109988,7.825784688006909e-07
2.0,0.07,0.8,0.0007758188668807,7.987468059138898e-07
2.0,0.07,0.9,0.0007929696154129,8.147277245332714e-07
2.0,0.07,1.0,0.0008021220985857,8.288970970924313e-07
2.0,0.07,2.0,0.0010630834061469,9.662070440446233e-06
2.0,0.08,0.04,6.226050298347828e-05,1.9886871092038506e-07
2.0,0.08,0.06,0.0001300532865857,1.315814394903644e-07
2.0,0.08,0.08,0.0002108261,1.65421232e-06
2.0,0.08,0.1,0.000296306746,2.32135206e-06
2.0,0.08,0.15,0.00049128195138,6.090789306160795e-07
2.0,0.08,0.2,0.0006349365818764,7.897649434352386e-07
2.0,0.08,0.3,0.0008014527106188,1.00202276462462e-06
2.0,0.08,0.4,0.0008891526014233,1.1117799779076904e-06
2.0,0.08,0.5,0.00093472419,7.40052107e-06
2.0,0.08,0.6,0.0009601492100194,1.207475576528861e-06
2.0,0.08,0.7,0.0009829899577508,1.2385093360011656e-06
2.0,0.08,0.8,0.0010040046844321,1.2655364255682112e-06
2.0,0.08,0.9,0.001027159855262,1.294069178637115e-06
2.0,0.08,1.0,0.00106476589,8.43063277e-06
2.0,0.08,2.0,0.0014136760591694,1.4688297569711204e-05
2.0,0.1,0.04,6.235608765894518e-05,2.008440868123633e-07
2.0,0.1,0.06,0.0001350943831258,1.3698134583824864e-07
2.0,0.1,0.08,0.000226936081,1.77717351e-06
2.0,0.1,0.1,0.000328850696,2.57520454e-06
2.0,0.1,0.15,0.0005886484423104,7.307583546380822e-07
2.0,0.1,0.2,0.0008140689570349,1.0121574347851786e-06
2.0,0.1,0.3,0.001110067540808,1.3902000263423236e-06
2.0,0.1,0.4,0.0012852575459904,1.6094567068500648e-06
2.0,0.1,0.5,0.00139263,1.10179734e-05
2.0,0.1,0.6,0.0014547421215817,1.8251536465065148e-06
2.0,0.1,0.7,0.0014956258860673,1.8829827912477372e-06
2.0,0.1,0.8,0.0015359891946854,1.937160871932614e-06
2.0,0.1,0.9,0.0015862441186721,1.9937777929330307e-06
2.0,0.1,1.0,0.00162921454,1.29547772e-05
2.0,0.1,2.0,0.0021772470897242,4.549679230174206e-06
2.0,0.15,0.04,6.458783051958118e-05,2.062780920312194e-07
2.0,0.15,0.06,0.0001390292987174,1.4208152646572946e-07
2.0,0.15,0.08,0.0002385549154046,2.994255148850863e-07
2.0,0.15,0.1,0.0003605666914695,4.519217565026804e-07
2.0,0.15,0.15,0.0007247159486791,9.061370339086664e-07
2.0,0.15,0.2,0.0011089805821472,1.3896422526155972e-06
2.0,0.15,0.3,0.0017992826594591,2.2579332930054286e-06
2.0,0.15,0.4,0.0023161696256,2.901747637568717e-06
2.0,0.15,0.5,0.0026672721197392,3.3447063099255934e-06
2.0,0.15,0.6,0.0028938876971983,3.6467700577869792e-06
2.0,0.15,0.7,0.0030913503086868,3.8889431810292014e-06
2.0,0.15,0.8,0.0032277266632991,4.074506647704707e-06
2.0,0.15,0.9,0.0033543490303282,4.237733193596687e-06
2.0,0.15,1.0,0.0035089342509493,4.4177558252407975e-06
2.0,0.15,2.0,0.0049507306233422,0.0001133808740947
2.0,0.2,0.04,6.414926986215917e-05,2.061358821960911e-07
2.0,0.2,0.06,0.0001407098541213,1.4405428403321825e-07
2.0,0.2,0.08,0.0002449965219987,3.079713667256917e-07
2.0,0.2,0.1,0.0003779662392637,4.729978431668351e-07
2.0,0.2,0.15,0.0007895887646363,9.89931676901066e-07
2.0,0.2,0.2,0.0012870746828664,1.6106704134965684e-06
2.0,0.2,0.3,0.0023128286752851,2.89928115339024e-06
2.0,0.2,0.4,0.0032173770930293,4.038846690245645e-06
2.0,0.2,0.5,0.0039217655947161,4.932474030966288e-06
2.0,0.2,0.6,0.0044862277337071,5.644663812979888e-06
2.0,0.2,0.7,0.004904986434697,6.188428427393319e-06
2.0,0.2,0.8,0.0052253827192167,6.615530432555094e-06
2.0,0.2,0.9,0.0055919460785075,7.050947292569678e-06
2.0,0.2,1.0,0.0058184439852957,7.36679149157993e-06
2.0,0.2,2.0,0.0082904843550694,0.000200660405559
2.0,0.3,0.04,6.556839956885647e-05,2.100401709276904e-07
2.0,0.3,0.06,0.0001428937618087,1.4674439928800253e-07
2.0,0.3,0.08,0.0002522713858268,3.172596761105851e-07
2.0,0.3,0.1,0.0003914609358254,4.915446497509106e-07
2.0,0.3,0.15,0.0008490613295006,1.0680704774335294e-06
2.0,0.3,0.2,0.0014458262353165,1.8195752455269076e-06
2.0,0.3,0.3,0.002896059908933,3.648398459118385e-06
2.0,0.3,0.4,0.0044635516879204,5.630468674206476e-06
2.0,0.3,0.5,0.0059800738525133,7.54711328342414e-06
2.0,0.3,0.6,0.0073363676592578,9.268505093010628e-06
2.0,0.3,0.7,0.008619552159052,1.0847046622440012e-05
2.0,0.3,0.8,0.0097034181331517,1.2216599950512992e-05
2.0,0.3,0.9,0.0105935349864183,1.3377339524775984e-05
2.0,0.3,1.0,0.0114255804979045,1.4446099536152344e-05
2.0,0.3,2.0,0.0185714773055662,3.8660400549620455e-05
2.0,0.4,0.04,6.574412088187654e-05,2.1283328264506967e-07
2.0,0.4,0.06,0.000145173325617,1.4969487184234158e-07
2.0,0.4,0.08,0.0002578851534678,3.252064181204377e-07
2.0,0.4,0.1,0.0003987671523503,5.042283617350977e-07
2.0,0.4,0.15,0.000882796997572,1.115108286283264e-06
2.0,0.4,0.2,0.0015301081552247,1.9333564987206005e-06
2.0,0.4,0.3,0.0032289050362739,4.07439207767857e-06
2.0,0.4,0.4,0.005237294945986,6.623161870286816e-06
2.0,0.4,0.5,0.0074488234653649,9.400838809189372e-06
2.0,0.4,0.6,0.0096841504333727,1.220105188351824e-05
2.0,0.4,0.7,0.0117629402808544,1.4854401297609131e-05
2.0,0.4,0.8,0.0136559164398625,1.7290718600119885e-05
2.0,0.4,0.9,0.0156074155165796,1.9707349353592685e-05
2.0,0.4,1.0,0.0172936562616165,2.1866576429365815e-05
2.0,0.4,2.0,0.0315331925495502,6.790822860750554e-05
2.0,0.5,0.04,6.718388130824465e-05,2.1829120267178363e-07
2.0,0.5,0.06,0.0001512620040067,1.5538098702089039e-07
2.0,0.5,0.08,0.000264946027,2.120994e-06
2.0,0.5,0.1,0.000425242348,3.35408856e-06
2.0,0.5,0.15,0.0009152544778104,1.160263803678808e-06
2.0,0.5,0.2,0.00160816357715,2.034379379556773e-06
2.0,0.5,0.3,0.0035006031604023,4.412563227069153e-06
2.0,0.5,0.4,0.0058279635578012,7.375113408056078e-06
2.0,0.5,0.5,0.00849659625,6.80861598e-05
2.0,0.5,0.6,0.0113972464744688,1.4427468783254754e-05
2.0,0.5,0.7,0.0143675133167517,1.8171422981490592e-05
2.0,0.5,0.8,0.0172929666070511,2.1866899779216684e-05
2.0,0.5,0.9,0.0200039769080619,2.541782224578534e-05
2.0,0.5,1.0,0.0225699227,0.000182258663
2.0,0.5,2.0,0.0463134876795652,0.0005100527401224
2.0,0.6,0.04,6.919957376746953e-05,2.267000191923128e-07
2.0,0.6,0.06,0.0001556596958938,1.6082332692841693e-07
2.0,0.6,0.08,0.0002774054252621,3.506861834002398e-07
2.0,0.6,0.1,0.0004310412524972,5.458738335403545e-07
2.0,0.6,0.15,0.0009636749695139,1.2193931997634127e-06
2.0,0.6,0.2,0.0016943106768129,2.145521198275372e-06
2.0,0.6,0.3,0.0037077546789329,4.690867837109476e-06
2.0,0.6,0.4,0.006346190794862,8.029847489636713e-06
2.0,0.6,0.5,0.0093972253283245,1.1937780191237584e-05
2.0,0.6,0.6,0.0128971563252665,1.636573510275816e-05
2.0,0.6,0.7,0.0165483825485371,2.102453521316228e-05
2.0,0.6,0.8,0.0204679470443753,2.5295604240597083e-05
2.0,0.6,0.9,0.024314226734067,2.941971283108672e-05
2.0,0.6,1.0,0.0282384016386016,3.5444792360725096e-05
2.0,0.6,2.0,0.0604526793374728,0.0008027945425901
2.0,0.7,0.04,7.297606901852526e-05,2.384988564273063e-07
2.0,0.7,0.06,0.0001633610411011,1.6933770086859759e-07
2.0,0.7,0.08,0.0002895955867982,3.636771171689253e-07
2.0,0.7,0.1,0.0004538049709665,5.549777155318766e-07
2.0,0.7,0.15,0.001016312197579,1.288144662023248e-06
2.0,0.7,0.2,0.0017938836738163,2.2745346425092414e-06
2.0,0.7,0.3,0.0039404645336781,5.006942964594548e-06
2.0,0.7,0.4,0.0068441154082943,8.476963460996627e-06
2.0,0.7,0.5,0.0103347926863999,1.2518390006455072e-05
2.0,0.7,0.6,0.0143853870116162,1.825222780032646e-05
2.0,0.7,0.7,0.0187658891692932,2.3866630221281985e-05
2.0,0.7,0.8,0.0235346840442484,2.9938218145798297e-05
2.0,0.7,0.9,0.0286732146543951,3.846453860672112e-05
2.0,0.7,1.0,0.033788923541627,4.295587884474599e-05
2.0,0.7,2.0,0.0800199366212506,0.0001663545425972
2.0,0.8,0.04,7.749575908734291e-05,2.547150881293149e-07
2.0,0.8,0.06,0.0001757160350535,1.819558200885024e-07
2.0,0.8,0.08,0.0003106339174806,4.052000127706859e-07
2.0,0.8,0.1,0.0004863329553797,6.027241772503763e-07
2.0,0.8,0.15,0.0010924840019604,1.4222944473381129e-06
2.0,0.8,0.2,0.0019236105655461,2.4155308223934466e-06
2.0,0.8,0.3,0.004292983659542,5.4510607684670415e-06
2.0,0.8,0.4,0.0075130646393838,9.532292901931714e-06
2.0,0.8,0.5,0.0115055808299144,1.4623111288083836e-05
2.0,0.8,0.6,0.0161379546661973,2.0482678185059575e-05
2.0,0.8,0.7,0.021398880068801,2.7238673065967e-05
2.0,0.8,0.8,0.0271424935904371,0.0001097450387692
2.0,0.8,0.9,0.0327052240107282,4.184667818644743e-05
2.0,0.8,1.0,0.0388404752603123,4.831958619677887e-05
2.0,0.8,2.0,0.0923963178289689,0.0019111628079448
2.0,0.9,0.04,8.449922438530461e-05,2.778741307278557e-07
2.0,0.9,0.06,0.0001900455281555,2.667945137367982e-07
2.0,0.9,0.08,0.0003343891180372,3.835815448351499e-07
2.0,0.9,0.1,0.0005289323924538,6.575456866920903e-07
2.0,0.9,0.15,0.001188145454883,1.4005964554955297e-06
2.0,0.9,0.2,0.0020856720506384,3.70916541350368e-06
2.0,0.9,0.3,0.0046957106327364,6.763350613032763e-06
2.0,0.9,0.4,0.0081964018937891,9.724444776661084e-06
2.0,0.9,0.5,0.0124397629829501,5.901803062706196e-05
2.0,0.9,0.6,0.0173941957796067,2.104839984850945e-05
2.0,0.9,0.7,0.0230679698132277,2.971452776087736e-05
2.0,0.9,0.8,0.0291241788406475,9.61813338395514e-05
2.0,0.9,0.9,0.0358749475014385,0.0001441110370136
2.0,0.9,1.0,0.0426361312869021,5.44030957456208e-05
2.0,0.9,2.0,0.113603300968972,0.0011262721634359
2.0,1.0,0.04,8.757378582594561e-05,2.877581845629359e-07
2.0,1.0,0.06,0.0001995902354488,2.0729144885449301e-07
2.0,1.0,0.08,0.000351160918,3.20564593e-06
2.0,1.0,0.1,0.000552371937,4.44839662e-06
2.0,1.0,0.15,0.0012316493883839,4.398155058408156e-06
2.0,1.0,0.2,0.0021955161033459,2.7308625959134034e-06
2.0,1.0,0.3,0.004854533966253,2.30409443912128e-05
2.0,1.0,0.4,0.008458307784933,5.379280724743186e-05
2.0,1.0,0.5,0.0130661406,0.000110690264
2.0,1.0,0.6,0.0185634849276687,2.366929736818276e-05
2.0,1.0,0.7,0.0243442953070499,0.0001802123349494
2.0,1.0,0.8,0.0313074749191588,4.003249694885358e-05
2.0,1.0,0.9,0.0391850718526596,0.0002103918949397
2.0,1.0,1.0,0.046170318,0.000373203922
2.0,1.0,2.0,0.1309804188866923,0.0002735909877156
2.0,2.0,0.04,0.0001304013519306,3.34373636005938e-07
2.0,2.0,0.06,0.0002928448723828,6.862673841591294e-07
2.0,2.0,0.08,0.0005183849862717,1.1697945085174154e-06
2.0,2.0,0.1,0.0008142240780524,1.9073707461447564e-06
2.0,2.0,0.15,0.0018361384894045,3.842485003167027e-06
2.0,2.0,0.2,0.0032291799850433,7.293772746059967e-06
2.0,2.0,0.3,0.0073055183642106,1.8746787047258847e-05
2.0,2.0,0.4,0.0128664405719216,2.90623752218724e-05
2.0,2.0,0.5,0.0200827366119479,4.5276522242362445e-05
2.0,2.0,0.6,0.028743077336512,6.249664260539983e-05
2.0,2.0,0.7,0.0391875477227596,8.811611223026155e-05
2.0,2.0,0.8,0.0508385077127307,0.0001101467391953
2.0,2.0,0.9,0.0634889711109257,0.000133387592809
2.0,2.0,1.0,0.0773673201386763,0.0001749961945515
2.0,2.0,2.0,0.2744113508704337,0.0006490595888323
2.5,0.03,0.04,1.1527233580219257e-05,2.893134055186736e-08
2.5,0.03,0.06,1.8634404728212924e-05,4.6763224006204224e-08
2.5,0.03,0.08,2.3806694903456465e-05,5.972609630935838e-08
2.5,0.03,0.1,2.732843097142698e-05,6.851760804066396e-08
2.5,0.03,0.15,3.188996459502539e-05,7.99887582845982e-08
2.5,0.03,0.2,3.388168569868693e-05,8.503784477588235e-08
2.5,0.03,0.3,3.499773195367074e-05,8.846135844327839e-08
2.5,0.03,0.4,3.566156475881747e-05,9.014336883178737e-08
2.5,0.03,0.5,3.626426998958056e-05,9.159126267687949e-08
2.5,0.03,0.6,3.634453041902629e-05,9.223332687577168e-08
2.5,0.03,0.7,3.692778338653994e-05,9.368204961485372e-08
2.5,0.03,0.8,3.704921471109018e-05,9.475088464753092e-08
2.5,0.03,0.9,3.7924510063959824e-05,9.692400717245625e-08
2.5,0.03,1.0,3.881428622416012e-05,9.930571378384502e-08
2.5,0.03,2.0,6.07846922811544e-05,1.5775519058994545e-07
2.5,0.05,0.04,1.4018895143309191e-05,3.546312152614407e-08
2.5,0.05,0.06,2.7000819130130464e-05,8.792709790356563e-08
2.5,0.05,0.08,3.9913307997763465e-05,1.12455933200031e-07
2.5,0.05,0.1,5.137699666983648e-05,1.2301455799912145e-07
2.5,0.05,0.15,7.079970184502535e-05,1.4541145550306958e-07
2.5,0.05,0.2,8.103516174458136e-05,1.869006407101436e-07
2.5,0.05,0.3,9.059453097953116e-05,1.8741497023575758e-07
2.5,0.05,0.4,9.500873064886464e-05,2.1964490036446974e-07
2.5,0.05,0.5,9.892644000101787e-05,3.214683415689357e-07
2.5,0.05,0.6,9.922970022668234e-05,2.05554547759238e-07
2.5,0.05,0.7,0.0001012406038186,2.098173996973435e-07
2.5,0.05,0.8,0.0001017807153114,2.202124256892741e-07
2.5,0.05,0.9,0.0001054099728069,2.190755388017093e-07
2.5,0.05,1.0,0.0001072361225151,2.239625164369324e-07
2.5,0.05,2.0,0.0001677776649109,6.930956905383388e-07
2.5,0.07,0.04,1.5196437908360855e-05,3.8141996017506295e-08
2.5,0.07,0.06,3.1046179189535816e-05,6.381221470054009e-08
2.5,0.07,0.08,4.9327264284602765e-05,1.0126315542905937e-07
2.5,0.07,0.1,6.756626601120368e-05,1.388846656151128e-07
2.5,0.07,0.15,0.0001071247461111,2.1983960059756e-07
2.5,0.07,0.2,0.0001338372891835,2.755485527080205e-07
2.5,0.07,0.3,0.0001628646678098,3.36443213170502e-07
2.5,0.07,0.4,0.0001766849334781,3.651202416538282e-07
2.5,0.07,0.5,0.0001854672906006,3.826846363575486e-07
2.5,0.07,0.6,0.0001908560541966,3.9452944120801547e-07
2.5,0.07,0.7,0.0001962725867198,4.052486240634005e-07
2.5,0.07,0.8,0.0001999327505695,4.1468898316178057e-07
2.5,0.07,0.9,0.0002012319999053,4.527405359891964e-07
2.5,0.07,1.0,0.0002085019096976,4.508665251607958e-07
2.5,0.07,2.0,0.0003355332775654,4.059277604552292e-06
2.5,0.08,0.04,1.5329044878585127e-05,3.863718546188398e-08
2.5,0.08,0.06,3.223721922974379e-05,6.621745222804177e-08
2.5,0.08,0.08,5.243662270598689e-05,1.0765083156585877e-07
2.5,0.08,0.1,7.366764349848087e-05,1.5113774344724918e-07
2.5,0.08,0.15,0.0001230727435358,2.519877503335338e-07
2.5,0.08,0.2,0.0001573241494957,3.2545532520806405e-07
2.5,0.08,0.3,0.0002014969721474,4.158321373893101e-07
2.5,0.08,0.4,0.0002247796244139,4.794300895999958e-07
2.5,0.08,0.5,0.0002368748469852,4.88957945707672e-07
2.5,0.08,0.6,0.0002444364016629,5.05761666233797e-07
2.5,0.08,0.7,0.0002515388565799,5.21489679939705e-07
2.5,0.08,0.8,0.0002591203253802,5.370667333551952e-07
2.5,0.08,0.9,0.0002646822783831,5.915760099315848e-07
2.5,0.08,1.0,0.0002713767792798,5.864489200189212e-07
2.5,0.08,2.0,0.0004211380723295,2.574414862404405e-06
2.5,0.1,0.04,1.5741587940605452e-05,3.9577255662420055e-08
2.5,0.1,0.06,3.365928428016534e-05,6.920028766952538e-08
2.5,0.1,0.08,5.6308174651203246e-05,1.1572869532497933e-07
2.5,0.1,0.1,8.161712327445307e-05,1.875419951888363e-07
2.5,0.1,0.15,0.0001470285063091,3.020130855609253e-07
2.5,0.1,0.2,0.0002027404892521,4.181812309133428e-07
2.5,0.1,0.3,0.0002792195564261,5.774869742398557e-07
2.5,0.1,0.4,0.0003236581698876,6.692888913059246e-07
2.5,0.1,0.5,0.0003482185943787,7.225433754530206e-07
2.5,0.1,0.6,0.0003692711631251,7.634252893333275e-07
2.5,0.1,0.7,0.0003841248314996,7.953616884421919e-07
2.5,0.1,0.8,0.0003978686070331,8.24219661728491e-07
2.5,0.1,0.9,0.0004040365859741,8.441470773493706e-07
2.5,0.1,1.0,0.000419862966431,9.06198918954573e-07
2.5,0.1,2.0,0.0006697486900511,4.9067428099148326e-06
2.5,0.15,0.04,1.5918252657610964e-05,4.019937292678953e-08
2.5,0.15,0.06,3.514123133729021e-05,7.238632041124154e-08
2.5,0.15,0.08,6.0309434273145854e-05,1.2469950356697378e-07
2.5,0.15,0.1,9.068908157925371e-05,1.8750286747645754e-07
2.5,0.15,0.15,0.0001826292406783,3.765631244405444e-07
2.5,0.15,0.2,0.0002797544141454,5.77942952979693e-07
2.5,0.15,0.3,0.0004526864989339,9.382120018541672e-07
2.5,0.15,0.4,0.0005870665393318,1.211847758582916e-06
2.5,0.15,0.5,0.0006757347809474,1.39873264362656e-06
2.5,0.15,0.6,0.0007423487696796,1.5350444906779096e-06
2.5,0.15,0.7,0.0007909530179497,1.6418367291000147e-06
2.5,0.15,0.8,0.0008247789642684,1.7830284476903108e-06
2.5,0.15,0.9,0.0008677113477726,1.872399895772324e-06
2.5,0.15,1.0,0.0008988542917187,2.3056074036268017e-06
2.5,0.15,2.0,0.0015112640891569,8.921432876131236e-06
2.5,0.2,0.04,1.597426840307358e-05,4.048692840149909e-08
2.5,0.2,0.06,3.5691901955387075e-05,7.90965869047042e-08
2.5,0.2,0.08,6.206251038641627e-05,1.2842622909860374e-07
2.5,0.2,0.1,9.487221950191424e-05,1.96351273552965e-07
2.5,0.2,0.15,0.000200831668306,4.1358581425365227e-07
2.5,0.2,0.2,0.0003238481696579,6.695372013972565e-07
2.5,0.2,0.3,0.0005891212503767,1.2139716827470053e-06
2.5,0.2,0.4,0.0008129043148394,1.684938827357293e-06
2.5,0.2,0.5,0.0010058312963328,2.075725038440693e-06
2.5,0.2,0.6,0.0011447966375167,2.373867838396443e-06
2.5,0.2,0.7,0.0012528695584702,2.612546746717983e-06
2.5,0.2,0.8,0.0013529396127549,2.823113585943179e-06
2.5,0.2,0.9,0.0014459988332726,3.013806985122365e-06
2.5,0.2,1.0,0.0015183399352731,3.2896213720657863e-06
2.5,0.2,2.0,0.0026267599659211,4.326891937474378e-05
2.5,0.3,0.04,1.6237743808573704e-05,4.119575855281755e-08
2.5,0.3,0.06,3.638066947534621e-05,7.534419623989712e-08
2.5,0.3,0.08,6.475955963527864e-05,1.827762460099603e-07
2.5,0.3,0.1,9.931102886423056e-05,2.518773761628559e-07
2.5,0.3,0.15,0.0002168361373256,5.494727705369245e-07
2.5,0.3,0.2,0.0003681705756891,9.336451781938068e-07
2.5,0.3,0.3,0.0007413268917904,1.8787569264584383e-06
2.5,0.3,0.4,0.0011477780189413,2.911178751805807e-06
2.5,0.3,0.5,0.0015305821009553,3.906299004930732e-06
2.5,0.3,0.6,0.0018951866567872,4.080921362886639e-06
2.5,0.3,0.7,0.0022089052332041,5.1490810786391225e-06
2.5,0.3,0.8,0.0025062341103182,5.403457571092189e-06
2.5,0.3,0.9,0.0027279630525495,6.407096563928234e-06
2.5,0.3,1.0,0.0029867118972009,8.57737818596847e-06
2.5,0.3,2.0,0.0057821062208334,2.4836575185418555e-05
2.5,0.4,0.04,1.6663683171816372e-05,4.2409625186379426e-08
2.5,0.4,0.06,3.706041603488236e-05,1.0596157327745789e-07
2.5,0.4,0.08,6.610091333835001e-05,1.8830596036720914e-07
2.5,0.4,0.1,0.0001021816877813,2.919491096318164e-07
2.5,0.4,0.15,0.0002277142239455,5.794468269427298e-07
2.5,0.4,0.2,0.0003966236081521,1.3011744239371223e-06
2.5,0.4,0.3,0.0008210643745641,3.328187060857487e-06
2.5,0.4,0.4,0.0013600060670817,3.466638570514808e-06
2.5,0.4,0.5,0.0019121314329127,4.669211785252173e-06
2.5,0.4,0.6,0.0024897667128299,5.38572470258558e-06
2.5,0.4,0.7,0.0030511031601978,6.599194749069539e-06
2.5,0.4,0.8,0.0035689088173319,8.742818029814047e-06
2.5,0.4,0.9,0.0040836895379345,9.577934994339954e-06
2.5,0.4,1.0,0.0045180162488219,1.113074871019119e-05
2.5,0.4,2.0,0.0098930406599057,4.802358415871068e-05
2.5,0.5,0.04,1.735148646356027e-05,4.4299118394987434e-08
2.5,0.5,0.06,3.8570249750052906e-05,8.366894275372612e-08
2.5,0.5,0.08,6.868442586860081e-05,1.5426376241848957e-07
2.5,0.5,0.1,0.0001073647348544,2.4069626047263995e-07
2.5,0.5,0.15,0.0002395787882292,5.172079526339586e-07
2.5,0.5,0.2,0.0004176465091744,8.731070465575278e-07
2.5,0.5,0.3,0.000896060814685,2.101638350237356e-06
2.5,0.5,0.4,0.0015140432382011,3.5478200602391425e-06
2.5,0.5,0.5,0.0022153356595719,5.200975740079457e-06
2.5,0.5,0.6,0.0029804792147988,6.721320420160986e-06
2.5,0.5,0.7,0.0037206116901999,9.17446867534238e-06
2.5,0.5,0.8,0.0045131764146812,1.1666873192951831e-05
2.5,0.5,0.9,0.0053136023143932,1.2523143958743325e-05
2.5,0.5,1.0,0.0060887846643317,1.4385559049298232e-05
2.5,0.5,2.0,0.0142643087614762,0.0001646574068953
2.5,0.6,0.04,1.813280839102439e-05,4.673133817615024e-08
2.5,0.6,0.06,4.095039494904675e-05,8.893662789789618e-08
2.5,0.6,0.08,7.200870185909384e-05,1.69689448413859e-07
2.5,0.6,0.1,0.0001131606035821,2.552775006296599e-07
2.5,0.6,0.15,0.0002536122042273,5.713771231497445e-07
2.5,0.6,0.2,0.0004422661971439,1.040821746731621e-06
2.5,0.6,0.3,0.0009677004541864,2.3823117126926868e-06
2.5,0.6,0.4,0.0016620062021934,3.9158730934855445e-06
2.5,0.6,0.5,0.0024930167864812,6.131341303261265e-06
2.5,0.6,0.6,0.0034248684622515,8.83657064678099e-06
2.5,0.6,0.7,0.0044069645014417,1.0001322022686638e-05
2.5,0.6,0.8,0.0054569718527004,1.2909527696476498e-05
2.5,0.6,0.9,0.0066191844721044,1.630205305327129e-05
2.5,0.6,1.0,0.0077625536152692,1.919659337709228e-05
2.5,0.6,2.0,0.0200088311260573,0.0001132179772906
2.5,0.7,0.04,1.946759533914433e-05,5.0231074945972654e-08
2.5,0.7,0.06,4.3558558646239225e-05,1.0285842033755145e-07
2.5,0.7,0.08,7.687810987884286e-05,1.9015533584864678e-07
2.5,0.7,0.1,0.0001207562266513,2.851111010969319e-07
2.5,0.7,0.15,0.0002719913080995,6.152023157232591e-07
2.5,0.7,0.2,0.0004741317082829,1.2311693732190393e-06
2.5,0.7,0.3,0.0010567992729131,2.7362596288545394e-06
2.5,0.7,0.4,0.0018397535613703,4.540219930404995e-06
2.5,0.7,0.5,0.0027748001287101,6.881289772940895e-06
2.5,0.7,0.6,0.0039090029657102,9.666239704228043e-06
2.5,0.7,0.7,0.0051519428190652,1.3394059221125648e-05
2.5,0.7,0.8,0.0065615988664111,1.7029499854070525e-05
2.5,0.7,0.9,0.0081779611738171,2.017465179739064e-05
2.5,0.7,1.0,0.0096605994517784,2.5272818332138053e-05
2.5,0.7,2.0,0.0259127184355465,0.0001280172363192
2.5,0.8,0.04,2.162407825529651e-05,5.6076894375793485e-08
2.5,0.8,0.06,4.838171143253346e-05,1.1030994373572589e-07
2.5,0.8,0.08,8.65379060220608e-05,2.2444652462499093e-07
2.5,0.8,0.1,0.0001349975600684,3.194233016485907e-07
2.5,0.8,0.15,0.0003029645600456,7.488990238170121e-07
2.5,0.8,0.2,0.0005371315480121,1.3273432493331248e-06
2.5,0.8,0.3,0.0012014406230408,2.7309761284304384e-06
2.5,0.8,0.4,0.0021130178861028,5.47768733106504e-06
2.5,0.8,0.5,0.0032793115133401,7.445127828108178e-06
2.5,0.8,0.6,0.004683906022586,1.1526244930010614e-05
2.5,0.8,0.7,0.0062565350901077,1.4812465693535446e-05
2.5,0.8,0.8,0.0080700217577931,2.7539258956623087e-05
2.5,0.8,0.9,0.0099770504648886,9.230011839954515e-05
2.5,0.8,1.0,0.011685604315681,0.0001419858437384
2.5,0.8,2.0,0.0317698165473904,0.000291051157208
2.5,0.9,0.04,2.5050046853959568e-05,6.640843576085062e-08
2.5,0.9,0.06,5.648588307742115e-05,5.602684311208802e-07
2.5,0.9,0.08,0.0001009330842603,3.838007645541411e-07
2.5,0.9,0.1,0.0001585407481468,6.56487632963778e-07
2.5,0.9,0.15,0.0003567671941841,8.411300857744991e-07
2.5,0.9,0.2,0.0006297585012911,1.5562668845136344e-06
2.5,0.9,0.3,0.0014030111926441,8.99818105659114e-06
2.5,0.9,0.4,0.0024566454766248,4.540942931884533e-05
2.5,0.9,0.5,0.0037401713476884,3.8772989715153786e-05
2.5,0.9,0.6,0.0053204711402261,1.470231991538037e-05
2.5,0.9,0.7,0.0071034694730736,0.0002072366080548
2.5,0.9,0.8,0.0088812798121967,2.4256682076885623e-05
2.5,0.9,0.9,0.0110780694922791,7.851035698887915e-05
2.5,0.9,1.0,0.0132210826887744,3.421371425582419e-05
2.5,0.9,2.0,0.037292379829629,9.824508256892672e-05
2.5,1.0,0.04,2.6923282583799703e-05,1.2332844235157362e-07
2.5,1.0,0.06,6.061695042949048e-05,1.9812154955810557e-07
2.5,1.0,0.08,0.0001056531577624,2.190456010487061e-06
2.5,1.0,0.1,0.0001680977020896,6.719575896764983e-07
2.5,1.0,0.15,0.0003701289598187,3.9110183671782044e-06
2.5,1.0,0.2,0.0006688445169033,4.567839556996662e-06
2.5,1.0,0.3,0.0014970931381129,1.9140723340486785e-05
2.5,1.0,0.4,0.0026925022232236,1.4497886664067772e-05
2.5,1.0,0.5,0.0040835147658416,1.2799679507184638e-05
2.5,1.0,0.6,0.0057168985732339,8.350868120718237e-05
2.5,1.0,0.7,0.007622285803623,2.696666848352595e-05
2.5,1.0,0.8,0.0096455192266936,8.069804438952804e-05
2.5,1.0,0.9,0.0120722183978076,7.490987194396164e-05
2.5,1.0,1.0,0.0145660259068634,5.693997185244382e-05
2.5,1.0,2.0,0.0432341957563789,0.0005439766223276
2.5,2.0,0.04,4.745243379068547e-05,1.241390305957957e-07
2.5,2.0,0.06,0.00010717953281,5.089993851479841e-07
2.5,2.0,0.08,0.0001907785971659,4.978627768680432e-07
2.5,2.0,0.1,0.0002991159315495,7.793249268009749e-07
2.5,2.0,0.15,0.0006679504899999,1.7465749430341746e-06
2.5,2.0,0.2,0.0011917347825442,3.108179188773779e-06
2.5,2.0,0.3,0.0026668460915884,6.969784233607447e-06
2.5,2.0,0.4,0.004732751581839,1.2363648403268076e-05
2.5,2.0,0.5,0.0074123741106139,1.9310831419378067e-05
2.5,2.0,0.6,0.0105777724591354,2.7633685047802635e-05
2.5,2.0,0.7,0.0143815952116259,3.750680487581922e-05
2.5,2.0,0.8,0.018683988926137,4.8745704317164725e-05
2.5,2.0,0.9,0.0233756089314544,6.113951366416837e-05
2.5,2.0,1.0,0.0286949642993532,7.506604917872796e-05
2.5,2.0,2.0,0.1048520263951454,0.0002737657216668
